"Carimbo de data/hora","Qual é o seu gênero?","Qual é a sua cor ou raça/etnia?","Qual é a sua faixa etária?","Em que estado você mora atualmente?","Qual é a sua ocupação atual?","Você aplica conhecimentos técnicos da área de Inteligência Artificial na sua atuação:","1. Existem até o momento mais dissensos do que consensos sobre quais são os principais problemas a serem enfrentados pelo campo da IA.","2. As Big Techs têm mais poder do que deveriam em definir as possibilidades e limites do campo da IA.","3. O foco atual do campo da IA na abordagem data and compute-intensive é acertado.","4. No contexto da pesquisa em IA, considerações éticas e progresso científico podem entrar em conflito.","5. Outros setores não-especialistas, como o poder público e a sociedade civil, devem ter participação nas definições éticas do campo da IA.","6. A evolução dos Large language models (LLMs) está indo em direção à AGI.","7. Os pesquisadores no campo da IA devem ter como prioridade perseguir a chamada Inteligência Artificial Geral, em inglês Artificial General Intelligence (AGI).","8. De modo geral, o desenvolvimento científico da IA terá um impacto futuro positivo no mundo.","Qual porcentagem de especialistas da área de Inteligência Artificial você acha que irá marcar ""concordo totalmente"" ou ""concordo mais do que discordo"" para cada afirmação? Antes de responder, leia a observação abaixo.

Observação: para os fins desta pesquisa, considere como grupo de referência os especialistas que participaram (como palestrantes, membros de comitê técnico ou com artigo/s publicado/s) da conferência que você também participou (BRACIS/ENIAC 2022/2023). [1. Existem até o momento mais dissensos do que consensos sobre quais são os principais problemas a serem enfrentados pelo campo da IA.]","Qual porcentagem de especialistas da área de Inteligência Artificial você acha que irá marcar ""concordo totalmente"" ou ""concordo mais do que discordo"" para cada afirmação? Antes de responder, leia a observação abaixo.

Observação: para os fins desta pesquisa, considere como grupo de referência os especialistas que participaram (como palestrantes, membros de comitê técnico ou com artigo/s publicado/s) da conferência que você também participou (BRACIS/ENIAC 2022/2023). [2. As Big Techs têm mais poder do que deveriam em definir as possibilidades e limites do campo da IA.]","Qual porcentagem de especialistas da área de Inteligência Artificial você acha que irá marcar ""concordo totalmente"" ou ""concordo mais do que discordo"" para cada afirmação? Antes de responder, leia a observação abaixo.

Observação: para os fins desta pesquisa, considere como grupo de referência os especialistas que participaram (como palestrantes, membros de comitê técnico ou com artigo/s publicado/s) da conferência que você também participou (BRACIS/ENIAC 2022/2023). [3. O foco atual do campo da IA na abordagem data and compute-intensive é acertado.]","Qual porcentagem de especialistas da área de Inteligência Artificial você acha que irá marcar ""concordo totalmente"" ou ""concordo mais do que discordo"" para cada afirmação? Antes de responder, leia a observação abaixo.

Observação: para os fins desta pesquisa, considere como grupo de referência os especialistas que participaram (como palestrantes, membros de comitê técnico ou com artigo/s publicado/s) da conferência que você também participou (BRACIS/ENIAC 2022/2023). [4. No contexto da pesquisa em IA, considerações éticas e progresso científico podem entrar em conflito.]","Qual porcentagem de especialistas da área de Inteligência Artificial você acha que irá marcar ""concordo totalmente"" ou ""concordo mais do que discordo"" para cada afirmação? Antes de responder, leia a observação abaixo.

Observação: para os fins desta pesquisa, considere como grupo de referência os especialistas que participaram (como palestrantes, membros de comitê técnico ou com artigo/s publicado/s) da conferência que você também participou (BRACIS/ENIAC 2022/2023). [5. Outros setores não-especialistas, como o poder público e a sociedade civil, devem ter participação nas definições éticas do campo da IA.]","Qual porcentagem de especialistas da área de Inteligência Artificial você acha que irá marcar ""concordo totalmente"" ou ""concordo mais do que discordo"" para cada afirmação? Antes de responder, leia a observação abaixo.

Observação: para os fins desta pesquisa, considere como grupo de referência os especialistas que participaram (como palestrantes, membros de comitê técnico ou com artigo/s publicado/s) da conferência que você também participou (BRACIS/ENIAC 2022/2023). [6. A evolução dos Large language models (LLMs) está indo em direção à AGI.]","Qual porcentagem de especialistas da área de Inteligência Artificial você acha que irá marcar ""concordo totalmente"" ou ""concordo mais do que discordo"" para cada afirmação? Antes de responder, leia a observação abaixo.

Observação: para os fins desta pesquisa, considere como grupo de referência os especialistas que participaram (como palestrantes, membros de comitê técnico ou com artigo/s publicado/s) da conferência que você também participou (BRACIS/ENIAC 2022/2023). [7. Os pesquisadores no campo da IA devem ter como prioridade perseguir a chamada Inteligência Artificial Geral, em inglês Artificial General Intelligence (AGI).]","Qual porcentagem de especialistas da área de Inteligência Artificial você acha que irá marcar ""concordo totalmente"" ou ""concordo mais do que discordo"" para cada afirmação? Antes de responder, leia a observação abaixo.

Observação: para os fins desta pesquisa, considere como grupo de referência os especialistas que participaram (como palestrantes, membros de comitê técnico ou com artigo/s publicado/s) da conferência que você também participou (BRACIS/ENIAC 2022/2023). [8. De modo geral, o desenvolvimento científico da IA terá um impacto futuro positivo no mundo.]","Por fim, gostaria de deixar algum comentário ou feedback?"
"11/10/2023 16:22:40","Masculino","Parda","41-45","SP","Professor Doutor","Com frequência","Concordo totalmente","Concordo totalmente","Discordo mais do que concordo","Concordo mais do que discordo","Concordo totalmente","Discordo mais do que concordo","Discordo totalmente","Discordo mais do que concordo","Mais de 20% até 40%","Mais de 60% até 80%","Mais de 80%","Mais de 60% até 80%","Mais de 60% até 80%","Mais de 80%","Mais de 40% até 60%","Mais de 60% até 80%",""
"11/10/2023 22:53:13","Masculino","Branca","41-45","SP","Professor Associado","Com frequência","Concordo mais do que discordo","Concordo totalmente","Concordo mais do que discordo","Discordo mais do que concordo","Concordo totalmente","Discordo mais do que concordo","Discordo totalmente","Concordo mais do que discordo","Mais de 60% até 80%","Mais de 80%","Mais de 60% até 80%","Mais de 60% até 80%","Mais de 40% até 60%","Mais de 40% até 60%","Mais de 20% até 40%","Mais de 60% até 80%",""
"11/12/2023 8:33:47","Masculino","Irrelevante","41-45","Moro no exterior","Professor","Com frequência","Concordo mais do que discordo","Concordo mais do que discordo","Discordo totalmente","Concordo mais do que discordo","Concordo mais do que discordo","Discordo totalmente","Discordo mais do que concordo","Concordo mais do que discordo","Mais de 80%","Mais de 80%","Até 20%","Mais de 80%","Mais de 80%","Mais de 80%","Mais de 60% até 80%","Mais de 40% até 60%",""
"11/12/2023 19:09:58","Masculino","Branca","41-45","SP","Professor universitário","Com frequência","Concordo mais do que discordo","Discordo totalmente","Concordo mais do que discordo","Discordo mais do que concordo","Concordo totalmente","Concordo mais do que discordo","Discordo mais do que concordo","Concordo totalmente","Mais de 60% até 80%","Mais de 80%","Mais de 40% até 60%","Mais de 40% até 60%","Mais de 80%","Mais de 60% até 80%","Mais de 40% até 60%","Mais de 60% até 80%",""
"11/14/2023 8:53:54","Masculino","Branca","56-60","SP","Professor Titular","Com frequência","Concordo totalmente","Concordo mais do que discordo","Concordo mais do que discordo","Concordo mais do que discordo","Concordo totalmente","Concordo mais do que discordo","Discordo mais do que concordo","Concordo totalmente","Mais de 60% até 80%","Mais de 80%","Mais de 60% até 80%","Mais de 60% até 80%","Mais de 80%","Mais de 80%","Mais de 20% até 40%","Mais de 80%",""
"11/14/2023 12:57:21","Masculino","Branca","Acima de 60","SP","Professor","Raramente","Discordo mais do que concordo","Concordo totalmente","Concordo mais do que discordo","Concordo totalmente","Discordo mais do que concordo","Concordo mais do que discordo","Concordo mais do que discordo","Concordo mais do que discordo","Até 20%","Mais de 80%","Mais de 40% até 60%","Mais de 80%","Mais de 60% até 80%","Mais de 60% até 80%","Mais de 60% até 80%","Mais de 60% até 80%",""
"11/14/2023 21:32:58","Feminino","Branca","46-50","SP","Professora","Com frequência","Concordo mais do que discordo","Concordo totalmente","Discordo mais do que concordo","Concordo mais do que discordo","Concordo totalmente","Discordo mais do que concordo","Discordo mais do que concordo","Concordo mais do que discordo","Mais de 60% até 80%","Mais de 80%","Mais de 60% até 80%","Mais de 60% até 80%","Mais de 60% até 80%","Mais de 40% até 60%","Mais de 20% até 40%","Mais de 80%",""
"11/16/2023 16:43:39","Masculino","Parda","18-25","SP","Estudante de pós-graduação","Com frequência","Concordo mais do que discordo","Concordo totalmente","Discordo totalmente","Concordo totalmente","Concordo totalmente","Concordo mais do que discordo","Discordo mais do que concordo","Concordo mais do que discordo","Mais de 60% até 80%","Mais de 60% até 80%","Mais de 60% até 80%","Mais de 60% até 80%","Até 20%","Mais de 20% até 40%","Mais de 40% até 60%","Mais de 60% até 80%",""
"11/16/2023 17:52:38","Feminino","Branca","18-25","SP","Estudante Ensino Superior","Com frequência","Discordo mais do que concordo","Concordo totalmente","Discordo mais do que concordo","Concordo mais do que discordo","Concordo totalmente","Concordo mais do que discordo","Discordo mais do que concordo","Concordo mais do que discordo","Mais de 20% até 40%","Mais de 60% até 80%","Mais de 40% até 60%","Mais de 60% até 80%","Mais de 60% até 80%","Mais de 60% até 80%","Mais de 60% até 80%","Mais de 40% até 60%",""
"11/17/2023 12:25:02","Masculino","Branca","51-55","SP","Professor","Com frequência","Concordo mais do que discordo","Concordo mais do que discordo","Discordo totalmente","Concordo totalmente","Concordo totalmente","Concordo mais do que discordo","Discordo totalmente","Concordo totalmente","Mais de 80%","Mais de 80%","Mais de 80%","Mais de 80%","Mais de 80%","Mais de 80%","Mais de 80%","Mais de 80%",""
"11/17/2023 21:53:19","Masculino","Branca","51-55","RS","Professor Ensino Superior","Com frequência","Discordo mais do que concordo","Concordo totalmente","Concordo mais do que discordo","Discordo mais do que concordo","Concordo mais do que discordo","Discordo mais do que concordo","Discordo mais do que concordo","Concordo mais do que discordo","Mais de 20% até 40%","Mais de 20% até 40%","Mais de 20% até 40%","Até 20%","Até 20%","Até 20%","Até 20%","Mais de 20% até 40%",""
"11/17/2023 23:17:56","Masculino","Parda","51-55","RN","Professor","Com frequência","Concordo mais do que discordo","Concordo totalmente","Concordo mais do que discordo","Concordo mais do que discordo","Concordo totalmente","Concordo mais do que discordo","Discordo mais do que concordo","Concordo totalmente","Mais de 40% até 60%","Mais de 80%","Mais de 40% até 60%","Mais de 60% até 80%","Mais de 80%","Mais de 60% até 80%","Mais de 20% até 40%","Mais de 60% até 80%",""
"11/19/2023 7:02:08","Masculino","Branca","36-40","CE","Professor Universitário ","Com frequência","Discordo mais do que concordo","Concordo totalmente","Concordo totalmente","Concordo mais do que discordo","Concordo mais do que discordo","Concordo mais do que discordo","Discordo mais do que concordo","Concordo mais do que discordo","Mais de 60% até 80%","Mais de 80%","Mais de 60% até 80%","Mais de 40% até 60%","Mais de 60% até 80%","Mais de 80%","Mais de 20% até 40%","Mais de 60% até 80%",""
"11/20/2023 5:30:29","Masculino","Branca","36-40","Moro no exterior","post-doc","Com frequência","Discordo mais do que concordo","Concordo mais do que discordo","Discordo mais do que concordo","Concordo mais do que discordo","Discordo mais do que concordo","Discordo mais do que concordo","Discordo totalmente","Concordo mais do que discordo","Mais de 40% até 60%","Mais de 60% até 80%","Mais de 60% até 80%","Mais de 60% até 80%","Mais de 40% até 60%","Mais de 40% até 60%","Mais de 40% até 60%","Mais de 40% até 60%",""
"11/20/2023 6:32:07","Masculino","Branca","36-40","Moro no exterior","Professor","Com frequência","Concordo mais do que discordo","Concordo totalmente","Concordo mais do que discordo","Concordo mais do que discordo","Concordo mais do que discordo","Discordo mais do que concordo","Concordo mais do que discordo","Concordo mais do que discordo","Mais de 80%","Mais de 80%","Mais de 60% até 80%","Mais de 40% até 60%","Mais de 40% até 60%","Mais de 60% até 80%","Mais de 80%","Mais de 40% até 60%",""
"11/20/2023 8:58:35","Masculino","Branca","36-40","PR","Professor","Com frequência","Discordo mais do que concordo","Concordo totalmente","Concordo mais do que discordo","Discordo mais do que concordo","Concordo mais do que discordo","Discordo mais do que concordo","Discordo totalmente","Concordo mais do que discordo","Mais de 40% até 60%","Mais de 60% até 80%","Mais de 60% até 80%","Mais de 80%","Mais de 60% até 80%","Mais de 80%","Mais de 80%","Mais de 80%",""
"11/20/2023 10:14:24","Feminino","Branca","56-60","SP","professora universitaria","Com frequência","Discordo mais do que concordo","Concordo mais do que discordo","Concordo mais do que discordo","Discordo mais do que concordo","Discordo mais do que concordo","Concordo totalmente","Concordo mais do que discordo","Concordo mais do que discordo","Até 20%","Mais de 80%","Mais de 60% até 80%","Mais de 40% até 60%","Mais de 20% até 40%","Mais de 80%","Mais de 60% até 80%","Mais de 60% até 80%",""
"11/20/2023 14:29:13","Masculino","Branca","51-55","RS","professor","Com frequência","Discordo mais do que concordo","Concordo totalmente","Concordo mais do que discordo","Concordo totalmente","Concordo totalmente","Concordo mais do que discordo","Discordo mais do que concordo","Concordo totalmente","Mais de 60% até 80%","Mais de 80%","Mais de 40% até 60%","Mais de 60% até 80%","Mais de 60% até 80%","Mais de 40% até 60%","Mais de 40% até 60%","Mais de 40% até 60%",""
"11/20/2023 15:49:49","Masculino","Branca","36-40","RS","CEO Startup e Professor Associado de Universidade","Com frequência","Discordo mais do que concordo","Concordo mais do que discordo","Discordo mais do que concordo","Concordo mais do que discordo","Concordo mais do que discordo","Discordo mais do que concordo","Discordo totalmente","Concordo mais do que discordo","Até 20%","Mais de 60% até 80%","Até 20%","Mais de 60% até 80%","Mais de 60% até 80%","Até 20%","Até 20%","Mais de 60% até 80%",""
"11/20/2023 22:25:06","Feminino","Branca","Acima de 60","SP","Professora-pesquisadora","Com frequência","Concordo mais do que discordo","Concordo mais do que discordo","Concordo mais do que discordo","Concordo mais do que discordo","Concordo mais do que discordo","Discordo mais do que concordo","Discordo mais do que concordo","Concordo mais do que discordo","Mais de 20% até 40%","Mais de 20% até 40%","Mais de 40% até 60%","Até 20%","Mais de 20% até 40%","Mais de 20% até 40%","Mais de 60% até 80%","Mais de 20% até 40%",""
"11/21/2023 5:25:10","Masculino","Branca","51-55","Moro no exterior","Professor Titular","Com frequência","Concordo mais do que discordo","Concordo mais do que discordo","Concordo mais do que discordo","Concordo totalmente","Concordo totalmente","Discordo mais do que concordo","Discordo mais do que concordo","Concordo mais do que discordo","Mais de 60% até 80%","Mais de 60% até 80%","Mais de 40% até 60%","Mais de 80%","Mais de 60% até 80%","Mais de 20% até 40%","Mais de 20% até 40%","Mais de 60% até 80%",""
"11/21/2023 8:38:36","Feminino","Branca","41-45","SP","Professora Universitária","Com frequência","Concordo mais do que discordo","Concordo mais do que discordo","Concordo mais do que discordo","Concordo totalmente","Concordo mais do que discordo","Discordo mais do que concordo","Discordo mais do que concordo","Discordo mais do que concordo","Mais de 20% até 40%","Mais de 40% até 60%","Mais de 40% até 60%","Mais de 40% até 60%","Mais de 60% até 80%","Até 20%","Até 20%","Mais de 20% até 40%",""
"11/21/2023 12:09:51","Masculino","Parda","51-55","BA","Professor universitário","Com frequência","Concordo mais do que discordo","Concordo mais do que discordo","Discordo mais do que concordo","Concordo mais do que discordo","Concordo totalmente","Discordo mais do que concordo","Discordo totalmente","Concordo mais do que discordo","Mais de 60% até 80%","Mais de 80%","Mais de 40% até 60%","Mais de 60% até 80%","Mais de 60% até 80%","Mais de 60% até 80%","Mais de 20% até 40%","Mais de 40% até 60%",""
"11/21/2023 18:56:48","Masculino","Branca","56-60","Moro no exterior","professor","Com frequência","Concordo totalmente","Concordo mais do que discordo","Discordo mais do que concordo","Concordo mais do que discordo","Concordo mais do que discordo","Discordo mais do que concordo","Concordo mais do que discordo","Concordo totalmente","Mais de 80%","Mais de 80%","Mais de 60% até 80%","Mais de 80%","Mais de 60% até 80%","Mais de 40% até 60%","Mais de 40% até 60%","Mais de 60% até 80%",""
"11/21/2023 20:20:29","Masculino","Parda","36-40","BA","Cientista de Dados","Com frequência","Concordo mais do que discordo","Concordo totalmente","Concordo mais do que discordo","Concordo totalmente","Discordo mais do que concordo","Discordo mais do que concordo","Discordo totalmente","Concordo mais do que discordo","Mais de 80%","Mais de 80%","Mais de 20% até 40%","Mais de 20% até 40%","Mais de 40% até 60%","Mais de 40% até 60%","Mais de 40% até 60%","Mais de 80%",""
"11/22/2023 9:55:41","Masculino","Branca","41-45","SP","Professor universitário","Com frequência","Discordo mais do que concordo","Concordo totalmente","Discordo mais do que concordo","Concordo mais do que discordo","Concordo totalmente","Concordo mais do que discordo","Discordo totalmente","Concordo mais do que discordo","Mais de 20% até 40%","Mais de 80%","Mais de 20% até 40%","Mais de 60% até 80%","Mais de 80%","Mais de 60% até 80%","Até 20%","Mais de 60% até 80%",""
"11/22/2023 10:41:28","Feminino","Branca","Acima de 60","SP","Professora em universidade federal","Com frequência","Concordo mais do que discordo","Concordo totalmente","Concordo mais do que discordo","Concordo mais do que discordo","Concordo totalmente","Discordo totalmente","Discordo mais do que concordo","Concordo mais do que discordo","Mais de 40% até 60%","Mais de 80%","Mais de 80%","Mais de 60% até 80%","Mais de 60% até 80%","Mais de 40% até 60%","Mais de 60% até 80%","Mais de 60% até 80%",""
"11/22/2023 13:44:30","Masculino","Parda","56-60","PR","Professor","Com frequência","Discordo mais do que concordo","Concordo totalmente","Discordo totalmente","Concordo totalmente","Concordo totalmente","Discordo totalmente","Discordo mais do que concordo","Discordo mais do que concordo","Mais de 60% até 80%","Mais de 40% até 60%","Mais de 60% até 80%","Mais de 60% até 80%","Mais de 40% até 60%","Mais de 40% até 60%","Mais de 20% até 40%","Mais de 60% até 80%",""
"11/22/2023 17:04:58","Masculino","Branca","Acima de 60","SP","docente USP RDIDP","Com frequência","Concordo totalmente","Concordo totalmente","Discordo mais do que concordo","Discordo mais do que concordo","Concordo mais do que discordo","Discordo totalmente","Discordo totalmente","Concordo mais do que discordo","Mais de 60% até 80%","Mais de 60% até 80%","Mais de 80%","Mais de 40% até 60%","Mais de 20% até 40%","Mais de 40% até 60%","Mais de 40% até 60%","Mais de 60% até 80%",""
"11/22/2023 19:36:32","Masculino","Branca","56-60","SP","Professor","Com frequência","Discordo mais do que concordo","Concordo totalmente","Discordo mais do que concordo","Discordo totalmente","Discordo mais do que concordo","Discordo mais do que concordo","Discordo totalmente","Concordo mais do que discordo","Mais de 60% até 80%","Mais de 80%","Mais de 20% até 40%","Mais de 60% até 80%","Mais de 80%","Mais de 20% até 40%","Até 20%","Mais de 80%",""
"11/22/2023 20:14:01","Masculino","Amarela","41-45","SP","Professor universitário","Com frequência","Concordo mais do que discordo","Concordo totalmente","Concordo mais do que discordo","Concordo totalmente","Concordo mais do que discordo","Concordo mais do que discordo","Discordo mais do que concordo","Concordo mais do que discordo","Mais de 60% até 80%","Mais de 80%","Mais de 60% até 80%","Mais de 60% até 80%","Mais de 40% até 60%","Mais de 40% até 60%","Mais de 20% até 40%","Mais de 60% até 80%",""
"11/22/2023 22:22:39","Feminino","Branca","41-45","MG","Professora","Com frequência","Discordo mais do que concordo","Concordo mais do que discordo","Discordo mais do que concordo","Concordo mais do que discordo","Concordo mais do que discordo","Concordo mais do que discordo","Concordo mais do que discordo","Concordo mais do que discordo","Mais de 40% até 60%","Mais de 40% até 60%","Até 20%","Mais de 80%","Mais de 40% até 60%","Mais de 40% até 60%","Mais de 40% até 60%","Mais de 40% até 60%",""
"11/23/2023 1:09:07","Masculino","Parda","36-40","RN","Pesquisador","Com frequência","Concordo mais do que discordo","Concordo totalmente","Discordo totalmente","Concordo mais do que discordo","Concordo totalmente","Discordo mais do que concordo","Discordo totalmente","Discordo mais do que concordo","Mais de 60% até 80%","Mais de 80%","Mais de 40% até 60%","Mais de 60% até 80%","Mais de 60% até 80%","Mais de 60% até 80%","Mais de 20% até 40%","Mais de 20% até 40%",""
"11/23/2023 7:24:44","Masculino","Branca","46-50","PR","Professor","Às vezes","Concordo mais do que discordo","Concordo totalmente","Discordo mais do que concordo","Concordo mais do que discordo","Concordo totalmente","Concordo mais do que discordo","Concordo mais do que discordo","Concordo mais do que discordo","Mais de 40% até 60%","Mais de 80%","Mais de 80%","Mais de 80%","Mais de 80%","Mais de 80%","Mais de 80%","Mais de 80%",""
"11/23/2023 12:18:11","Feminino","Branca","41-45","SP","Professora","Com frequência","Concordo mais do que discordo","Concordo totalmente","Discordo totalmente","Concordo mais do que discordo","Concordo mais do que discordo","Discordo totalmente","Discordo totalmente","Concordo mais do que discordo","Mais de 40% até 60%","Mais de 60% até 80%","Mais de 40% até 60%","Mais de 40% até 60%","Mais de 60% até 80%","Até 20%","Até 20%","Mais de 80%",""
"11/23/2023 16:23:47","Feminino","Branca","41-45","SP","Professora universitária","Com frequência","Concordo mais do que discordo","Concordo totalmente","Discordo mais do que concordo","Concordo mais do que discordo","Concordo totalmente","Concordo mais do que discordo","Discordo totalmente","Concordo mais do que discordo","Mais de 60% até 80%","Mais de 40% até 60%","Mais de 80%","Mais de 60% até 80%","Mais de 60% até 80%","Mais de 80%","Mais de 80%","Mais de 80%",""
"11/23/2023 18:38:02","Masculino","Branca","31-35","SP","Pesquisador de Pós-doutorado","Com frequência","Concordo totalmente","Concordo totalmente","Discordo mais do que concordo","Concordo mais do que discordo","Concordo mais do que discordo","Concordo mais do que discordo","Discordo mais do que concordo","Concordo mais do que discordo","Mais de 80%","Mais de 80%","Mais de 20% até 40%","Mais de 20% até 40%","Mais de 60% até 80%","Mais de 20% até 40%","Mais de 20% até 40%","Mais de 80%",""
"11/23/2023 23:57:35","Masculino","Branca","36-40","SE","Professor","Com frequência","Concordo mais do que discordo","Concordo totalmente","Concordo mais do que discordo","Concordo mais do que discordo","Concordo totalmente","Concordo mais do que discordo","Concordo mais do que discordo","Concordo totalmente","Mais de 40% até 60%","Mais de 20% até 40%","Mais de 20% até 40%","Mais de 40% até 60%","Até 20%","Mais de 40% até 60%","Mais de 40% até 60%","Mais de 60% até 80%",""
"11/24/2023 7:13:44","Masculino","Branca","51-55","SP","Professor/Pesquisador","Com frequência","Discordo mais do que concordo","Discordo mais do que concordo","Concordo mais do que discordo","Discordo mais do que concordo","Concordo mais do que discordo","Concordo mais do que discordo","Discordo mais do que concordo","Concordo totalmente","Mais de 20% até 40%","Mais de 20% até 40%","Mais de 60% até 80%","Mais de 20% até 40%","Mais de 40% até 60%","Mais de 60% até 80%","Mais de 20% até 40%","Mais de 80%",""
"11/24/2023 8:46:09","Feminino","Parda","41-45","RJ","Professora do magistério superior","Com frequência","Concordo totalmente","Concordo totalmente","Discordo mais do que concordo","Concordo mais do que discordo","Concordo mais do que discordo","Discordo mais do que concordo","Discordo mais do que concordo","Concordo mais do que discordo","Mais de 80%","Mais de 60% até 80%","Mais de 20% até 40%","Mais de 60% até 80%","Mais de 60% até 80%","Até 20%","Até 20%","Mais de 40% até 60%",""
"11/24/2023 11:59:14","Masculino","Parda","41-45","RN","Professor de Magistério Superior","Com frequência","Concordo mais do que discordo","Concordo totalmente","Concordo mais do que discordo","Concordo mais do que discordo","Concordo totalmente","Concordo mais do que discordo","Concordo mais do que discordo","Concordo mais do que discordo","Mais de 60% até 80%","Mais de 80%","Mais de 60% até 80%","Mais de 60% até 80%","Mais de 60% até 80%","Mais de 60% até 80%","Mais de 60% até 80%","Mais de 80%",""
"11/24/2023 13:24:54","Masculino","Parda","26-30","PR","Engenheiro de IA","Com frequência","Concordo mais do que discordo","Concordo totalmente","Concordo totalmente","Discordo mais do que concordo","Concordo mais do que discordo","Concordo mais do que discordo","Discordo mais do que concordo","Concordo mais do que discordo","Mais de 60% até 80%","Mais de 80%","Mais de 40% até 60%","Mais de 40% até 60%","Mais de 40% até 60%","Mais de 60% até 80%","Mais de 40% até 60%","Mais de 40% até 60%",""
"11/24/2023 15:51:46","Masculino","Branca","41-45","SP","Professor Universitário","Com frequência","Discordo mais do que concordo","Discordo mais do que concordo","Concordo mais do que discordo","Concordo mais do que discordo","Concordo mais do que discordo","Concordo mais do que discordo","Concordo mais do que discordo","Concordo mais do que discordo","Mais de 20% até 40%","Mais de 60% até 80%","Mais de 40% até 60%","Mais de 60% até 80%","Mais de 40% até 60%","Mais de 40% até 60%","Mais de 40% até 60%","Mais de 40% até 60%",""
"11/24/2023 17:17:46","Masculino","Branca","18-25","MG","Doutorando","Com frequência","Discordo mais do que concordo","Discordo totalmente","Concordo mais do que discordo","Discordo mais do que concordo","Discordo totalmente","Discordo totalmente","Discordo totalmente","Concordo mais do que discordo","Mais de 40% até 60%","Mais de 60% até 80%","Mais de 80%","Mais de 60% até 80%","Mais de 20% até 40%","Mais de 60% até 80%","Mais de 20% até 40%","Mais de 80%",""
"11/24/2023 18:50:44","Masculino","Branca","41-45","BA","Professor","Com frequência","Concordo mais do que discordo","Concordo mais do que discordo","Discordo mais do que concordo","Discordo mais do que concordo","Discordo mais do que concordo","Discordo mais do que concordo","Discordo mais do que concordo","Concordo totalmente","Mais de 60% até 80%","Mais de 60% até 80%","Mais de 40% até 60%","Até 20%","Mais de 40% até 60%","Até 20%","Até 20%","Mais de 60% até 80%",""
"11/24/2023 21:15:24","Não-binário","Branca","26-30","PE","Doutorando bolsista","Com frequência","Concordo mais do que discordo","Concordo totalmente","Concordo mais do que discordo","Concordo totalmente","Concordo totalmente","Concordo mais do que discordo","Discordo totalmente","Discordo mais do que concordo","Mais de 20% até 40%","Mais de 20% até 40%","Mais de 60% até 80%","Mais de 40% até 60%","Até 20%","Mais de 60% até 80%","Mais de 80%","Mais de 60% até 80%",""
"11/25/2023 8:56:46","Masculino","Branca","46-50","SP","Professor universitário","Com frequência","Discordo mais do que concordo","Concordo mais do que discordo","Concordo mais do que discordo","Concordo mais do que discordo","Concordo totalmente","Concordo mais do que discordo","Discordo totalmente","Concordo mais do que discordo","Mais de 20% até 40%","Mais de 80%","Mais de 40% até 60%","Mais de 60% até 80%","Mais de 60% até 80%","Mais de 60% até 80%","Mais de 20% até 40%","Mais de 60% até 80%",""
"11/25/2023 9:49:41","Masculino","Branca","46-50","SE","Professor do magistério superior","Com frequência","Concordo mais do que discordo","Concordo totalmente","Discordo mais do que concordo","Concordo totalmente","Concordo totalmente","Concordo totalmente","Concordo mais do que discordo","Discordo mais do que concordo","Mais de 60% até 80%","Mais de 60% até 80%","Mais de 60% até 80%","Mais de 60% até 80%","Mais de 80%","Mais de 60% até 80%","Mais de 60% até 80%","Mais de 40% até 60%",""
"11/25/2023 10:00:32","Feminino","Parda","46-50","DF","Professora","Com frequência","Concordo totalmente","Concordo mais do que discordo","Concordo mais do que discordo","Concordo mais do que discordo","Concordo totalmente","Concordo totalmente","Concordo mais do que discordo","Concordo mais do que discordo","Mais de 80%","Mais de 40% até 60%","Mais de 60% até 80%","Mais de 40% até 60%","Mais de 20% até 40%","Mais de 80%","Mais de 60% até 80%","Mais de 80%",""
"11/25/2023 10:25:59","Feminino","Branca","Acima de 60","RS","professora","Com frequência","Concordo mais do que discordo","Concordo totalmente","Discordo mais do que concordo","Concordo mais do que discordo","Concordo mais do que discordo","Discordo mais do que concordo","Discordo mais do que concordo","Discordo mais do que concordo","Mais de 80%","Mais de 60% até 80%","Mais de 40% até 60%","Mais de 60% até 80%","Mais de 40% até 60%","Mais de 60% até 80%","Mais de 40% até 60%","Mais de 40% até 60%",""
"11/27/2023 15:10:24","Masculino","Parda","41-45","BA","Professor","Com frequência","Concordo mais do que discordo","Discordo mais do que concordo","Concordo mais do que discordo","Concordo totalmente","Concordo totalmente","Concordo mais do que discordo","Discordo mais do que concordo","Concordo mais do que discordo","Mais de 80%","Mais de 40% até 60%","Mais de 40% até 60%","Mais de 60% até 80%","Mais de 80%","Mais de 60% até 80%","Mais de 60% até 80%","Mais de 60% até 80%",""
"11/27/2023 18:54:20","Feminino","Parda","41-45","RS","Professora do mag superior","Às vezes","Concordo totalmente","Concordo totalmente","Concordo mais do que discordo","Concordo mais do que discordo","Concordo totalmente","Discordo mais do que concordo","Discordo mais do que concordo","Concordo mais do que discordo","Mais de 40% até 60%","Mais de 40% até 60%","Mais de 20% até 40%","Mais de 40% até 60%","Mais de 40% até 60%","Mais de 40% até 60%","Mais de 40% até 60%","Mais de 40% até 60%",""
"11/27/2023 19:09:41","Feminino","Branca","41-45","SP","Professora","Com frequência","Concordo totalmente","Concordo mais do que discordo","Concordo mais do que discordo","Concordo totalmente","Concordo totalmente","Concordo mais do que discordo","Discordo mais do que concordo","Concordo mais do que discordo","Mais de 40% até 60%","Mais de 40% até 60%","Mais de 40% até 60%","Mais de 80%","Mais de 40% até 60%","Mais de 20% até 40%","Mais de 20% até 40%","Mais de 20% até 40%",""
"11/27/2023 19:40:46","Masculino","Branca","26-30","ES","Engenheiro de Qualidade de Software","Às vezes","Discordo mais do que concordo","Concordo totalmente","Concordo mais do que discordo","Concordo totalmente","Concordo totalmente","Discordo mais do que concordo","Discordo totalmente","Discordo totalmente","Mais de 60% até 80%","Mais de 60% até 80%","Mais de 20% até 40%","Mais de 40% até 60%","Mais de 60% até 80%","Mais de 20% até 40%","Mais de 40% até 60%","Mais de 40% até 60%",""
"11/27/2023 20:50:03","Masculino","Branca","26-30","AM","Cientista de Dados","Com frequência","Concordo totalmente","Concordo totalmente","Concordo mais do que discordo","Concordo totalmente","Concordo mais do que discordo","Concordo totalmente","Discordo totalmente","Concordo totalmente","Até 20%","Mais de 80%","Mais de 40% até 60%","Mais de 80%","Mais de 20% até 40%","Mais de 60% até 80%","Até 20%","Mais de 80%",""
"11/27/2023 21:13:04","Masculino","Branca","31-35","PR","Analista de dados","Com frequência","Concordo mais do que discordo","Concordo totalmente","Concordo totalmente","Concordo mais do que discordo","Concordo mais do que discordo","Discordo totalmente","Concordo mais do que discordo","Concordo mais do que discordo","Mais de 60% até 80%","Mais de 80%","Mais de 40% até 60%","Mais de 60% até 80%","Mais de 20% até 40%","Mais de 20% até 40%","Mais de 40% até 60%","Mais de 60% até 80%",""
"11/28/2023 8:40:38","Masculino","Branca","56-60","BA","Professor universitário","Com frequência","Concordo mais do que discordo","Concordo totalmente","Discordo mais do que concordo","Concordo totalmente","Concordo totalmente","Concordo mais do que discordo","Discordo mais do que concordo","Discordo mais do que concordo","Mais de 80%","Mais de 80%","Mais de 20% até 40%","Mais de 80%","Mais de 80%","Mais de 60% até 80%","Mais de 40% até 60%","Mais de 40% até 60%",""
"11/28/2023 9:46:35","Feminino","Branca","41-45","BA","Professora universitária","Com frequência","Concordo mais do que discordo","Concordo totalmente","Discordo mais do que concordo","Concordo mais do que discordo","Concordo mais do que discordo","Concordo mais do que discordo","Discordo mais do que concordo","Concordo totalmente","Mais de 20% até 40%","Mais de 40% até 60%","Até 20%","Mais de 20% até 40%","Mais de 60% até 80%","Mais de 20% até 40%","Até 20%","Mais de 60% até 80%",""
"11/28/2023 14:17:50","Masculino","Amarela","26-30","SP","Pesquisador Júnior e Aluno de Doutorado","Com frequência","Concordo mais do que discordo","Concordo totalmente","Discordo totalmente","Concordo totalmente","Concordo mais do que discordo","Discordo mais do que concordo","Discordo totalmente","Concordo mais do que discordo","Mais de 80%","Mais de 80%","Até 20%","Mais de 60% até 80%","Mais de 20% até 40%","Até 20%","Até 20%","Mais de 80%",""
"11/28/2023 23:38:15","Feminino","Parda","26-30","SP","Doutoranda","Com frequência","Concordo mais do que discordo","Concordo mais do que discordo","Concordo mais do que discordo","Concordo totalmente","Concordo totalmente","Concordo mais do que discordo","Concordo totalmente","Concordo mais do que discordo","Mais de 40% até 60%","Mais de 60% até 80%","Mais de 40% até 60%","Mais de 80%","Mais de 40% até 60%","Mais de 60% até 80%","Mais de 40% até 60%","Mais de 40% até 60%",""
"11/30/2023 9:52:38","Masculino","Branca","26-30","CE","Pesquisador","Com frequência","Discordo mais do que concordo","Concordo totalmente","Concordo mais do que discordo","Concordo totalmente","Discordo mais do que concordo","Concordo mais do que discordo","Discordo mais do que concordo","Discordo totalmente","Mais de 40% até 60%","Mais de 80%","Mais de 60% até 80%","Mais de 80%","Mais de 60% até 80%","Mais de 60% até 80%","Até 20%","Mais de 60% até 80%",""
"11/30/2023 14:37:44","Masculino","Branca","18-25","MG","Analista de Dados","Com frequência","Concordo totalmente","Concordo mais do que discordo","Discordo mais do que concordo","Concordo mais do que discordo","Discordo mais do que concordo","Discordo mais do que concordo","Discordo mais do que concordo","Concordo mais do que discordo","Mais de 60% até 80%","Mais de 60% até 80%","Até 20%","Mais de 80%","Mais de 20% até 40%","Mais de 20% até 40%","Até 20%","Mais de 80%",""
"11/30/2023 14:41:31","Masculino","Branca","26-30","SP","Doutorando","Com frequência","Concordo mais do que discordo","Concordo totalmente","Discordo totalmente","Concordo mais do que discordo","Discordo totalmente","Discordo mais do que concordo","Discordo mais do que concordo","Concordo totalmente","Mais de 40% até 60%","Mais de 60% até 80%","Até 20%","Mais de 40% até 60%","Mais de 20% até 40%","Mais de 60% até 80%","Mais de 60% até 80%","Mais de 80%",""
"11/30/2023 16:14:43","Masculino","Branca","18-25","CE","Estudante","Às vezes","Discordo mais do que concordo","Concordo totalmente","Discordo mais do que concordo","Concordo totalmente","Concordo totalmente","Concordo mais do que discordo","Discordo totalmente","Concordo mais do que discordo","Mais de 40% até 60%","Mais de 80%","Mais de 60% até 80%","Mais de 80%","Mais de 60% até 80%","Mais de 20% até 40%","Mais de 20% até 40%","Mais de 80%",""
"11/30/2023 19:20:41","Masculino","Parda","26-30","CE","Pesquisador e Desenvolvedor de Software.","Com frequência","Discordo mais do que concordo","Concordo totalmente","Concordo mais do que discordo","Concordo totalmente","Concordo mais do que discordo","Concordo mais do que discordo","Concordo mais do que discordo","Concordo totalmente","Até 20%","Mais de 80%","Mais de 40% até 60%","Mais de 80%","Mais de 60% até 80%","Mais de 60% até 80%","Mais de 60% até 80%","Mais de 60% até 80%",""
"11/30/2023 19:32:57","Masculino","Branca","18-25","RN","Desenvolvedor front-end web","Às vezes","Concordo totalmente","Concordo totalmente","Discordo mais do que concordo","Concordo totalmente","Discordo totalmente","Concordo totalmente","Concordo totalmente","Concordo mais do que discordo","Mais de 60% até 80%","Mais de 80%","Mais de 40% até 60%","Mais de 80%","Até 20%","Mais de 80%","Mais de 80%","Mais de 60% até 80%",""
"11/30/2023 20:17:17","Masculino","Branca","26-30","RJ","Cientista de dados","Com frequência","Discordo mais do que concordo","Discordo mais do que concordo","Discordo mais do que concordo","Discordo mais do que concordo","Concordo mais do que discordo","Discordo mais do que concordo","Discordo mais do que concordo","Concordo totalmente","Mais de 20% até 40%","Mais de 60% até 80%","Mais de 40% até 60%","Mais de 20% até 40%","Mais de 60% até 80%","Mais de 20% até 40%","Mais de 20% até 40%","Mais de 60% até 80%",""
"11/30/2023 20:45:40","Masculino","Branca","31-35","CE","Professor ","Com frequência","Discordo mais do que concordo","Concordo totalmente","Discordo mais do que concordo","Concordo mais do que discordo","Concordo mais do que discordo","Discordo mais do que concordo","Discordo mais do que concordo","Concordo mais do que discordo","Até 20%","Mais de 60% até 80%","Mais de 60% até 80%","Mais de 40% até 60%","Mais de 20% até 40%","Mais de 60% até 80%","Mais de 40% até 60%","Mais de 60% até 80%",""
"11/30/2023 23:38:31","Masculino","Branca","26-30","RS","Cientistade dado","Com frequência","Discordo mais do que concordo","Concordo totalmente","Concordo mais do que discordo","Concordo mais do que discordo","Concordo mais do que discordo","Discordo mais do que concordo","Concordo mais do que discordo","Concordo mais do que discordo","Mais de 60% até 80%","Mais de 20% até 40%","Mais de 40% até 60%","Mais de 40% até 60%","Mais de 60% até 80%","Mais de 20% até 40%","Mais de 20% até 40%","Mais de 40% até 60%",""
"12/1/2023 0:46:51","Masculino","Parda","26-30","MG","Cientista de Dados","Com frequência","Concordo mais do que discordo","Concordo totalmente","Concordo mais do que discordo","Concordo totalmente","Concordo mais do que discordo","Discordo mais do que concordo","Discordo totalmente","Concordo mais do que discordo","Mais de 40% até 60%","Mais de 80%","Mais de 20% até 40%","Mais de 80%","Mais de 60% até 80%","Mais de 40% até 60%","Mais de 60% até 80%","Mais de 80%",""
"12/1/2023 9:10:58","Masculino","Branca","41-45","MG","Professor Universitário ","Com frequência","Concordo mais do que discordo","Concordo mais do que discordo","Concordo totalmente","Concordo mais do que discordo","Concordo totalmente","Discordo totalmente","Discordo totalmente","Concordo mais do que discordo","Mais de 60% até 80%","Mais de 60% até 80%","Mais de 20% até 40%","Mais de 60% até 80%","Mais de 40% até 60%","Até 20%","Até 20%","Mais de 80%",""
"12/1/2023 10:17:47","Feminino","Branca","Acima de 60","PE","Professor e pesquisador ","Com frequência","Discordo mais do que concordo","Concordo mais do que discordo","Discordo mais do que concordo","Discordo totalmente","Concordo mais do que discordo","Discordo mais do que concordo","Discordo mais do que concordo","Concordo mais do que discordo","Mais de 20% até 40%","Até 20%","Mais de 20% até 40%","Mais de 20% até 40%","Mais de 20% até 40%","Até 20%","Até 20%","Mais de 20% até 40%",""
"12/1/2023 18:17:47","Feminino","Amarela","46-50","PR","Professora universitária","Com frequência","Concordo mais do que discordo","Concordo mais do que discordo","Discordo mais do que concordo","Concordo mais do que discordo","Concordo totalmente","Concordo mais do que discordo","Discordo mais do que concordo","Concordo mais do que discordo","Mais de 60% até 80%","Mais de 60% até 80%","Mais de 60% até 80%","Mais de 40% até 60%","Mais de 60% até 80%","Mais de 80%","Mais de 80%","Mais de 40% até 60%",""
"12/2/2023 11:11:57","Masculino","Parda","26-30","CE","Analista de TI e Pesquisador","Com frequência","Concordo mais do que discordo","Concordo mais do que discordo","Concordo mais do que discordo","Concordo mais do que discordo","Concordo totalmente","Concordo totalmente","Concordo mais do que discordo","Concordo mais do que discordo","Mais de 40% até 60%","Mais de 60% até 80%","Mais de 40% até 60%","Mais de 40% até 60%","Mais de 40% até 60%","Mais de 40% até 60%","Mais de 40% até 60%","Mais de 80%",""
"12/2/2023 18:48:04","Feminino","Branca","46-50","RS","Pesquisadora CNPq","Com frequência","Concordo mais do que discordo","Discordo mais do que concordo","Concordo mais do que discordo","Concordo totalmente","Concordo mais do que discordo","Concordo mais do que discordo","Discordo mais do que concordo","Concordo mais do que discordo","Mais de 80%","Mais de 40% até 60%","Mais de 60% até 80%","Mais de 80%","Mais de 60% até 80%","Mais de 60% até 80%","Até 20%","Mais de 80%",""
"12/4/2023 9:02:31","Masculino","Branca","31-35","MG","Professor","Às vezes","Concordo mais do que discordo","Concordo mais do que discordo","Concordo mais do que discordo","Concordo mais do que discordo","Concordo totalmente","Concordo mais do que discordo","Discordo mais do que concordo","Concordo totalmente","Mais de 60% até 80%","Mais de 60% até 80%","Mais de 40% até 60%","Mais de 60% até 80%","Mais de 40% até 60%","Mais de 40% até 60%","Mais de 20% até 40%","Mais de 80%",""
"12/4/2023 19:06:28","Masculino","Parda","46-50","RN","Professor","Raramente","Concordo totalmente","Concordo mais do que discordo","Discordo mais do que concordo","Concordo totalmente","Concordo totalmente","Discordo totalmente","Discordo mais do que concordo","Concordo mais do que discordo","Até 20%","Mais de 40% até 60%","Mais de 40% até 60%","Mais de 80%","Mais de 20% até 40%","Até 20%","Mais de 20% até 40%","Mais de 60% até 80%",""
"12/4/2023 19:47:36","Masculino","Branca","31-35","PE","Professor ","Com frequência","Concordo mais do que discordo","Concordo mais do que discordo","Concordo mais do que discordo","Concordo mais do que discordo","Concordo totalmente","Discordo mais do que concordo","Discordo totalmente","Concordo totalmente","Mais de 40% até 60%","Mais de 60% até 80%","Mais de 60% até 80%","Mais de 60% até 80%","Mais de 60% até 80%","Até 20%","Até 20%","Mais de 60% até 80%",""
"12/4/2023 20:09:47","Masculino","Branca","46-50","SP","Empreendedor","Às vezes","Concordo mais do que discordo","Concordo mais do que discordo","Concordo mais do que discordo","Concordo totalmente","Concordo totalmente","Concordo mais do que discordo","Discordo totalmente","Concordo totalmente","Até 20%","Mais de 80%","Mais de 60% até 80%","Mais de 60% até 80%","Mais de 40% até 60%","Mais de 40% até 60%","Mais de 20% até 40%","Mais de 80%",""
"12/4/2023 22:21:42","Feminino","Branca","56-60","SP","pesquisadora de pós-doc","Com frequência","Discordo mais do que concordo","Concordo totalmente","Concordo mais do que discordo","Concordo totalmente","Concordo totalmente","Concordo mais do que discordo","Concordo mais do que discordo","Concordo mais do que discordo","Mais de 20% até 40%","Mais de 60% até 80%","Mais de 40% até 60%","Mais de 60% até 80%","Mais de 60% até 80%","Mais de 60% até 80%","Mais de 60% até 80%","Mais de 60% até 80%",""
"12/5/2023 8:24:04","Masculino","Branca","18-25","SP","Estudante exclusivo da PPGCC UFSCar São Carlos","Com frequência","Concordo mais do que discordo","Discordo mais do que concordo","Concordo mais do que discordo","Concordo mais do que discordo","Discordo mais do que concordo","Concordo mais do que discordo","Discordo mais do que concordo","Concordo mais do que discordo","Mais de 40% até 60%","Mais de 40% até 60%","Mais de 40% até 60%","Mais de 40% até 60%","Mais de 40% até 60%","Mais de 40% até 60%","Mais de 40% até 60%","Mais de 60% até 80%",""
"12/5/2023 9:13:02","Masculino","Branca","26-30","PR","Professor","Com frequência","Discordo mais do que concordo","Concordo mais do que discordo","Discordo mais do que concordo","Concordo mais do que discordo","Concordo mais do que discordo","Concordo mais do que discordo","Discordo mais do que concordo","Concordo totalmente","Mais de 40% até 60%","Mais de 80%","Mais de 60% até 80%","Mais de 60% até 80%","Mais de 60% até 80%","Mais de 60% até 80%","Mais de 60% até 80%","Mais de 60% até 80%",""
"12/5/2023 10:20:12","Masculino","Branca","51-55","MG","professor EBTT","Com frequência","Concordo mais do que discordo","Concordo totalmente","Concordo totalmente","Discordo mais do que concordo","Concordo totalmente","Concordo mais do que discordo","Discordo mais do que concordo","Concordo totalmente","Mais de 60% até 80%","Mais de 40% até 60%","Mais de 40% até 60%","Mais de 40% até 60%","Mais de 80%","Mais de 20% até 40%","Até 20%","Mais de 60% até 80%",""
"12/5/2023 12:26:36","Masculino","Parda","18-25","SP","Pesquisador em IA","Com frequência","Discordo mais do que concordo","Concordo mais do que discordo","Concordo mais do que discordo","Concordo totalmente","Concordo mais do que discordo","Concordo mais do que discordo","Discordo mais do que concordo","Concordo totalmente","Mais de 40% até 60%","Mais de 80%","Mais de 20% até 40%","Mais de 60% até 80%","Mais de 60% até 80%","Mais de 80%","Mais de 20% até 40%","Mais de 60% até 80%",""
"12/5/2023 12:57:35","Masculino","Branca","31-35","SP","Professor Doutor","Com frequência","Concordo mais do que discordo","Concordo mais do que discordo","Discordo mais do que concordo","Concordo totalmente","Concordo totalmente","Concordo mais do que discordo","Discordo mais do que concordo","Concordo totalmente","Mais de 80%","Mais de 60% até 80%","Mais de 20% até 40%","Mais de 60% até 80%","Mais de 80%","Mais de 40% até 60%","Até 20%","Mais de 80%",""
"12/5/2023 14:47:19","Masculino","Branca","26-30","Moro no exterior","Doutorando","Com frequência","Concordo mais do que discordo","Concordo totalmente","Concordo mais do que discordo","Discordo totalmente","Concordo mais do que discordo","Discordo totalmente","Discordo totalmente","Concordo mais do que discordo","Mais de 40% até 60%","Mais de 80%","Mais de 60% até 80%","Mais de 20% até 40%","Mais de 40% até 60%","Mais de 40% até 60%","Mais de 20% até 40%","Mais de 60% até 80%",""
"12/5/2023 21:12:21","Masculino","Parda","18-25","CE","Analista de Sistemas","Às vezes","Concordo mais do que discordo","Concordo totalmente","Concordo mais do que discordo","Concordo mais do que discordo","Concordo totalmente","Concordo mais do que discordo","Discordo mais do que concordo","Concordo mais do que discordo","Mais de 40% até 60%","Mais de 40% até 60%","Mais de 60% até 80%","Mais de 60% até 80%","Mais de 60% até 80%","Mais de 40% até 60%","Mais de 20% até 40%","Mais de 40% até 60%",""
"12/6/2023 10:07:14","Masculino","Parda","36-40","MS","Professor","Às vezes","Concordo mais do que discordo","Concordo mais do que discordo","Discordo mais do que concordo","Concordo mais do que discordo","Concordo mais do que discordo","Concordo mais do que discordo","Discordo mais do que concordo","Concordo mais do que discordo","Mais de 40% até 60%","Mais de 60% até 80%","Mais de 20% até 40%","Mais de 60% até 80%","Mais de 40% até 60%","Mais de 40% até 60%","Mais de 40% até 60%","Mais de 40% até 60%",""
"12/6/2023 20:41:41","Masculino","Branca","46-50","RJ","Professor Universitário","Às vezes","Discordo mais do que concordo","Concordo totalmente","Discordo mais do que concordo","Concordo mais do que discordo","Concordo totalmente","Discordo totalmente","Discordo mais do que concordo","Concordo mais do que discordo","Mais de 60% até 80%","Mais de 80%","Mais de 40% até 60%","Mais de 60% até 80%","Mais de 20% até 40%","Mais de 20% até 40%","Até 20%","Mais de 60% até 80%",""
"12/7/2023 9:24:48","Masculino","Branca","41-45","SP","Professor e Pesquisador","Com frequência","Concordo totalmente","Discordo mais do que concordo","Concordo mais do que discordo","Discordo mais do que concordo","Discordo mais do que concordo","Discordo mais do que concordo","Discordo mais do que concordo","Concordo mais do que discordo","Mais de 60% até 80%","Mais de 40% até 60%","Mais de 40% até 60%","Mais de 40% até 60%","Mais de 20% até 40%","Mais de 20% até 40%","Mais de 20% até 40%","Mais de 60% até 80%",""
"12/7/2023 12:42:33","Feminino","Branca","31-35","MG","Professora","Com frequência","Concordo mais do que discordo","Concordo totalmente","Concordo mais do que discordo","Discordo mais do que concordo","Discordo totalmente","Concordo mais do que discordo","Concordo totalmente","Concordo totalmente","Mais de 80%","Mais de 80%","Mais de 80%","Mais de 80%","Mais de 60% até 80%","Mais de 80%","Mais de 60% até 80%","Mais de 80%",""
"12/7/2023 13:33:18","Masculino","Branca","36-40","SP","CEO de Startup","Com frequência","Concordo totalmente","Concordo mais do que discordo","Concordo mais do que discordo","Concordo totalmente","Concordo totalmente","Concordo totalmente","Concordo totalmente","Concordo mais do que discordo","Mais de 40% até 60%","Mais de 80%","Mais de 20% até 40%","Mais de 60% até 80%","Mais de 80%","Mais de 20% até 40%","Mais de 20% até 40%","Mais de 40% até 60%",""
"12/7/2023 14:13:13","Masculino","Branca","31-35","SP","Cientista de Dados Senior","Com frequência","Concordo mais do que discordo","Discordo totalmente","Concordo totalmente","Concordo mais do que discordo","Discordo mais do que concordo","Discordo mais do que concordo","Concordo totalmente","Concordo totalmente","Mais de 40% até 60%","Mais de 40% até 60%","Mais de 40% até 60%","Mais de 40% até 60%","Mais de 40% até 60%","Mais de 40% até 60%","Mais de 40% até 60%","Mais de 40% até 60%",""
"12/8/2023 11:10:54","Masculino","Branca","31-35","RJ","Cientista de dados","Com frequência","Discordo mais do que concordo","Concordo mais do que discordo","Discordo mais do que concordo","Concordo mais do que discordo","Concordo totalmente","Discordo mais do que concordo","Discordo mais do que concordo","Concordo mais do que discordo","Mais de 20% até 40%","Mais de 40% até 60%","Mais de 40% até 60%","Mais de 60% até 80%","Mais de 60% até 80%","Mais de 40% até 60%","Mais de 60% até 80%","Mais de 80%",""
"12/8/2023 18:28:16","Masculino","Preta","36-40","SP","Técnico de Laboratório","Raramente","Concordo mais do que discordo","Concordo totalmente","Concordo mais do que discordo","Concordo totalmente","Concordo totalmente","Concordo mais do que discordo","Concordo mais do que discordo","Concordo mais do que discordo","Mais de 60% até 80%","Mais de 80%","Mais de 60% até 80%","Mais de 80%","Mais de 80%","Mais de 60% até 80%","Mais de 40% até 60%","Mais de 60% até 80%","Parabéns pela iniciativa em realizar um estudo referente aos impactos da IA no ponto de vista dos pesquisadores brasileiros."
"12/11/2023 8:57:55","Feminino","Branca","31-35","PE","Professora Universitária","Às vezes","Concordo mais do que discordo","Concordo mais do que discordo","Discordo mais do que concordo","Concordo mais do que discordo","Concordo mais do que discordo","Concordo mais do que discordo","Discordo mais do que concordo","Concordo mais do que discordo","Mais de 40% até 60%","Mais de 80%","Mais de 40% até 60%","Mais de 80%","Mais de 80%","Mais de 40% até 60%","Mais de 40% até 60%","Mais de 80%",""
"12/11/2023 16:19:17","Masculino","Branca","26-30","SP","Pesquisador de Pós-Doutorado","Com frequência","Concordo mais do que discordo","Concordo mais do que discordo","Discordo mais do que concordo","Concordo totalmente","Concordo mais do que discordo","Concordo mais do que discordo","Discordo mais do que concordo","Concordo mais do que discordo","Mais de 40% até 60%","Mais de 20% até 40%","Mais de 40% até 60%","Mais de 40% até 60%","Mais de 40% até 60%","Mais de 40% até 60%","Mais de 40% até 60%","Mais de 40% até 60%",""
"12/11/2023 18:16:14","Masculino","Branca","18-25","AM","Estudante pesquisador","Com frequência","Discordo mais do que concordo","Concordo mais do que discordo","Concordo mais do que discordo","Concordo totalmente","Concordo mais do que discordo","Concordo mais do que discordo","Concordo mais do que discordo","Concordo totalmente","Mais de 40% até 60%","Mais de 60% até 80%","Mais de 40% até 60%","Mais de 60% até 80%","Mais de 60% até 80%","Mais de 40% até 60%","Mais de 40% até 60%","Mais de 80%",""
"12/11/2023 19:33:33","Masculino","Amarela","26-30","SC","Mestrando","Com frequência","Discordo mais do que concordo","Concordo mais do que discordo","Discordo mais do que concordo","Concordo mais do que discordo","Discordo mais do que concordo","Discordo mais do que concordo","Discordo totalmente","Concordo totalmente","Mais de 40% até 60%","Mais de 40% até 60%","Mais de 40% até 60%","Mais de 60% até 80%","Mais de 20% até 40%","Mais de 40% até 60%","Mais de 20% até 40%","Mais de 40% até 60%",""
"12/11/2023 20:21:25","Masculino","Branca","31-35","AM","Pesquisador","Com frequência","Concordo mais do que discordo","Discordo mais do que concordo","Concordo mais do que discordo","Concordo mais do que discordo","Concordo mais do que discordo","Concordo totalmente","Concordo totalmente","Concordo totalmente","Mais de 60% até 80%","Mais de 40% até 60%","Mais de 20% até 40%","Mais de 20% até 40%","Mais de 60% até 80%","Mais de 60% até 80%","Mais de 20% até 40%","Mais de 80%",""
"12/11/2023 21:13:12","Feminino","Branca","36-40","AM","Professora Universitária","Com frequência","Concordo mais do que discordo","Discordo mais do que concordo","Concordo mais do que discordo","Discordo totalmente","Concordo totalmente","Discordo totalmente","Discordo totalmente","Concordo mais do que discordo","Mais de 40% até 60%","Mais de 40% até 60%","Mais de 40% até 60%","Até 20%","Mais de 20% até 40%","Até 20%","Até 20%","Até 20%",""
"12/11/2023 21:55:03","Masculino","Branca","26-30","SP","estudante","Com frequência","Concordo mais do que discordo","Concordo totalmente","Concordo mais do que discordo","Concordo totalmente","Concordo totalmente","Discordo mais do que concordo","Concordo mais do que discordo","Concordo totalmente","Até 20%","Mais de 60% até 80%","Mais de 20% até 40%","Mais de 60% até 80%","Mais de 80%","Mais de 40% até 60%","Mais de 60% até 80%","Mais de 80%",""
"12/12/2023 13:38:16","Masculino","Branca","41-45","SP","Professor","Com frequência","Discordo totalmente","Discordo totalmente","Discordo mais do que concordo","Discordo totalmente","Discordo mais do que concordo","Discordo mais do que concordo","Concordo mais do que discordo","Concordo mais do que discordo","Até 20%","Até 20%","Mais de 60% até 80%","Mais de 40% até 60%","Mais de 20% até 40%","Mais de 20% até 40%","Mais de 20% até 40%","Mais de 80%",""
"12/12/2023 18:42:35","Masculino","Branca","31-35","MG","Doutorando/Estudante","Com frequência","Concordo mais do que discordo","Concordo totalmente","Discordo mais do que concordo","Concordo totalmente","Concordo totalmente","Discordo mais do que concordo","Discordo totalmente","Concordo totalmente","Mais de 40% até 60%","Mais de 60% até 80%","Mais de 40% até 60%","Mais de 60% até 80%","Mais de 40% até 60%","Mais de 20% até 40%","Mais de 20% até 40%","Mais de 20% até 40%",""
"12/13/2023 18:41:24","Masculino","Branca","18-25","AM","Fullstack Junior voltado para Machine/Deep Learning","Com frequência","Concordo totalmente","Concordo mais do que discordo","Concordo mais do que discordo","Concordo totalmente","Concordo mais do que discordo","Discordo totalmente","Discordo mais do que concordo","Concordo mais do que discordo","Mais de 60% até 80%","Mais de 80%","Mais de 20% até 40%","Mais de 40% até 60%","Mais de 60% até 80%","Mais de 40% até 60%","Mais de 20% até 40%","Mais de 60% até 80%",""
"12/14/2023 8:52:09","Masculino","Branca","36-40","PR","Professor universitário","Com frequência","Concordo mais do que discordo","Concordo totalmente","Concordo mais do que discordo","Concordo totalmente","Concordo totalmente","Concordo totalmente","Concordo mais do que discordo","Concordo mais do que discordo","Mais de 60% até 80%","Mais de 60% até 80%","Mais de 60% até 80%","Mais de 60% até 80%","Mais de 60% até 80%","Mais de 80%","Mais de 60% até 80%","Mais de 60% até 80%","Se possível, envie futuramente o resumo da pesquisa (na forma de alguma publicação) para eu ter uma ideia do que a comunidade pensa no assunto (email anônimo: ulokopia@gmail.com). Uma vez dei uma palestra sobre ética em IA e achei o tema interessante, então essa publicação poderá virar referência em futura reaplicação da palestra. Obrigado"
"12/14/2023 10:35:07","Masculino","Branca","31-35","SP","Pesquisador de pós-doutorado","Com frequência","Concordo mais do que discordo","Concordo totalmente","Discordo mais do que concordo","Concordo totalmente","Concordo totalmente","Discordo mais do que concordo","Discordo totalmente","Concordo mais do que discordo","Mais de 60% até 80%","Mais de 80%","Mais de 40% até 60%","Mais de 80%","Mais de 60% até 80%","Mais de 40% até 60%","Até 20%","Mais de 60% até 80%",""
"12/14/2023 12:21:01","Masculino","Branca","46-50","RJ","Professor Titular","Com frequência","Concordo mais do que discordo","Concordo mais do que discordo","Concordo mais do que discordo","Concordo totalmente","Concordo totalmente","Discordo mais do que concordo","Discordo mais do que concordo","Concordo mais do que discordo","Mais de 60% até 80%","Mais de 80%","Mais de 40% até 60%","Mais de 80%","Mais de 80%","Mais de 40% até 60%","Mais de 60% até 80%","Mais de 60% até 80%",""
"12/14/2023 14:15:05","Masculino","Branca","31-35","RJ","Engenheiro mecatrônico","Raramente","Concordo mais do que discordo","Discordo mais do que concordo","Concordo mais do que discordo","Discordo totalmente","Discordo totalmente","Discordo mais do que concordo","Concordo totalmente","Concordo totalmente","Mais de 40% até 60%","Mais de 40% até 60%","Mais de 40% até 60%","Mais de 40% até 60%","Mais de 40% até 60%","Mais de 40% até 60%","Mais de 40% até 60%","Mais de 40% até 60%",""
"12/14/2023 15:32:04","Masculino","Branca","36-40","PR","Docente","Com frequência","Concordo mais do que discordo","Concordo totalmente","Concordo mais do que discordo","Concordo totalmente","Concordo mais do que discordo","Concordo mais do que discordo","Discordo totalmente","Concordo mais do que discordo","Mais de 20% até 40%","Mais de 80%","Mais de 80%","Mais de 60% até 80%","Mais de 80%","Mais de 80%","Até 20%","Mais de 40% até 60%","Faltou um campo do tipo ""não sei opinar"" ou ""prefiro não opniar"""
"12/14/2023 19:59:41","Masculino","Branca","26-30","SP","Pesquisador","Com frequência","Discordo mais do que concordo","Concordo mais do que discordo","Concordo mais do que discordo","Discordo mais do que concordo","Concordo totalmente","Discordo totalmente","Discordo totalmente","Concordo totalmente","Mais de 20% até 40%","Mais de 60% até 80%","Mais de 40% até 60%","Mais de 40% até 60%","Mais de 60% até 80%","Mais de 40% até 60%","Até 20%","Mais de 80%",""
"12/15/2023 9:59:24","Feminino","Parda","26-30","PA","Estudante de Mestrado","Com frequência","Concordo mais do que discordo","Concordo totalmente","Discordo mais do que concordo","Concordo totalmente","Concordo totalmente","Concordo mais do que discordo","Discordo mais do que concordo","Concordo mais do que discordo","Mais de 60% até 80%","Mais de 60% até 80%","Mais de 20% até 40%","Mais de 80%","Mais de 80%","Mais de 20% até 40%","Mais de 20% até 40%","Mais de 40% até 60%",""
"12/15/2023 10:13:10","Masculino","Branca","46-50","PR","Professor Magistério Superior","Raramente","Concordo mais do que discordo","Concordo mais do que discordo","Discordo mais do que concordo","Concordo totalmente","Concordo totalmente","Discordo mais do que concordo","Discordo mais do que concordo","Concordo mais do que discordo","Até 20%","Mais de 80%","Mais de 40% até 60%","Mais de 80%","Mais de 80%","Até 20%","Até 20%","Mais de 20% até 40%","Nada a declarar!"
"12/15/2023 13:58:42","Masculino","Parda","18-25","PA","Desempregado ","Com frequência","Concordo totalmente","Discordo mais do que concordo","Concordo totalmente","Concordo totalmente","Discordo totalmente","Discordo mais do que concordo","Concordo mais do que discordo","Concordo totalmente","Até 20%","Mais de 80%","Mais de 60% até 80%","Mais de 40% até 60%","Até 20%","Mais de 40% até 60%","Mais de 80%","Mais de 80%","Eu não acredito que os modelos ""LLM"" estão indo em direção a uma AGI, já que necessitam de diversos outros tipos de tecnologias. Existem tecnologias mais promissoras e assustadoras que devem ser discutidas como as líquidas."
"12/15/2023 22:16:31","Masculino","Branca","18-25","SP","Estagiário de desenvolvimento back-end","Raramente","Concordo mais do que discordo","Concordo totalmente","Concordo mais do que discordo","Discordo mais do que concordo","Concordo mais do que discordo","Concordo mais do que discordo","Discordo mais do que concordo","Concordo totalmente","Mais de 40% até 60%","Mais de 60% até 80%","Mais de 40% até 60%","Mais de 60% até 80%","Mais de 20% até 40%","Mais de 60% até 80%","Mais de 40% até 60%","Mais de 60% até 80%",""
"12/16/2023 4:20:08","Masculino","Amarela","26-30","Moro no exterior","Doutorando","Com frequência","Concordo mais do que discordo","Concordo totalmente","Discordo totalmente","Concordo mais do que discordo","Discordo mais do que concordo","Discordo totalmente","Discordo totalmente","Concordo mais do que discordo","Mais de 60% até 80%","Mais de 40% até 60%","Mais de 60% até 80%","Mais de 60% até 80%","Até 20%","Até 20%","Mais de 20% até 40%","Mais de 80%",""
"12/16/2023 14:12:40","Feminino","Amarela","18-25","SP","Estudante","Às vezes","Concordo mais do que discordo","Concordo mais do que discordo","Discordo mais do que concordo","Discordo mais do que concordo","Concordo totalmente","Discordo mais do que concordo","Discordo mais do que concordo","Discordo mais do que concordo","Mais de 60% até 80%","Mais de 60% até 80%","Mais de 60% até 80%","Mais de 60% até 80%","Mais de 60% até 80%","Mais de 60% até 80%","Mais de 40% até 60%","Mais de 60% até 80%","Não sabia o que era AGI exatamente mas tive que me posicionar, preferiria ter uma alternativa de abstenção. Ótima iniciativa! Saber guiar os estudos sobre IA deve ser o maior desafio da atualidade visto seu crescimento desenfreado sem qualquer tipo de regulamentação."
"12/16/2023 15:10:04","Feminino","Branca","18-25","PA","Mestranda","Com frequência","Concordo mais do que discordo","Concordo mais do que discordo","Concordo mais do que discordo","Concordo mais do que discordo","Concordo totalmente","Concordo totalmente","Concordo mais do que discordo","Concordo totalmente","Mais de 40% até 60%","Mais de 60% até 80%","Mais de 40% até 60%","Mais de 40% até 60%","Mais de 40% até 60%","Mais de 60% até 80%","Mais de 40% até 60%","Mais de 40% até 60%",""
"12/18/2023 12:52:23","Feminino","Branca","41-45","PB","Professora universitária","Com frequência","Concordo mais do que discordo","Concordo totalmente","Concordo mais do que discordo","Discordo mais do que concordo","Concordo totalmente","Concordo mais do que discordo","Discordo totalmente","Concordo mais do que discordo","Até 20%","Mais de 80%","Mais de 40% até 60%","Mais de 60% até 80%","Mais de 20% até 40%","Mais de 60% até 80%","Mais de 60% até 80%","Mais de 60% até 80%",""
"12/19/2023 11:25:26","Masculino","Parda","36-40","PA","Professor","Com frequência","Discordo mais do que concordo","Concordo totalmente","Concordo mais do que discordo","Concordo totalmente","Concordo totalmente","Discordo mais do que concordo","Discordo totalmente","Concordo mais do que discordo","Mais de 20% até 40%","Mais de 80%","Mais de 60% até 80%","Mais de 80%","Mais de 60% até 80%","Mais de 20% até 40%","Até 20%","Mais de 80%",""
"12/20/2023 12:07:56","Masculino","Branca","36-40","CE","Professor","Com frequência","Discordo mais do que concordo","Concordo totalmente","Discordo mais do que concordo","Concordo mais do que discordo","Concordo totalmente","Discordo mais do que concordo","Discordo totalmente","Concordo mais do que discordo","Mais de 40% até 60%","Mais de 40% até 60%","Mais de 60% até 80%","Mais de 60% até 80%","Mais de 20% até 40%","Mais de 20% até 40%","Até 20%","Mais de 80%",""
"12/20/2023 19:46:47","Masculino","Branca","31-35","CE","Professor","Com frequência","Concordo mais do que discordo","Discordo mais do que concordo","Concordo mais do que discordo","Concordo mais do que discordo","Discordo mais do que concordo","Concordo mais do que discordo","Discordo mais do que concordo","Concordo mais do que discordo","Mais de 40% até 60%","Mais de 60% até 80%","Mais de 40% até 60%","Mais de 60% até 80%","Mais de 40% até 60%","Mais de 40% até 60%","Mais de 40% até 60%","Mais de 40% até 60%",""
"12/23/2023 23:49:46","Masculino","Branca","18-25","SC","Estudante","Com frequência","Discordo mais do que concordo","Discordo mais do que concordo","Concordo mais do que discordo","Concordo totalmente","Concordo totalmente","Concordo mais do que discordo","Discordo mais do que concordo","Concordo totalmente","Mais de 20% até 40%","Mais de 20% até 40%","Mais de 60% até 80%","Mais de 60% até 80%","Mais de 60% até 80%","Mais de 60% até 80%","Até 20%","Mais de 80%",""
"12/28/2023 14:50:36","Masculino","Branca","46-50","PB","Auditor de Controle Externo - Assessor Técnico","Com frequência","Concordo mais do que discordo","Concordo totalmente","Concordo mais do que discordo","Concordo totalmente","Concordo mais do que discordo","Discordo mais do que concordo","Discordo mais do que concordo","Concordo mais do que discordo","Mais de 60% até 80%","Mais de 80%","Mais de 40% até 60%","Mais de 80%","Mais de 80%","Até 20%","Mais de 20% até 40%","Mais de 80%",""
"1/2/2024 10:33:54","Feminino","Branca","18-25","SP","Mestranda","Com frequência","Concordo mais do que discordo","Concordo totalmente","Discordo mais do que concordo","Discordo mais do que concordo","Discordo mais do que concordo","Discordo totalmente","Discordo totalmente","Concordo totalmente","Até 20%","Mais de 80%","Mais de 40% até 60%","Mais de 20% até 40%","Mais de 40% até 60%","Mais de 60% até 80%","Mais de 20% até 40%","Mais de 60% até 80%",""
"1/2/2024 14:30:22","Masculino","Branca","31-35","MG","Professor","Com frequência","Concordo mais do que discordo","Concordo totalmente","Concordo mais do que discordo","Concordo mais do que discordo","Concordo mais do que discordo","Concordo mais do que discordo","Discordo mais do que concordo","Concordo mais do que discordo","Mais de 20% até 40%","Mais de 40% até 60%","Mais de 40% até 60%","Mais de 60% até 80%","Mais de 40% até 60%","Mais de 60% até 80%","Mais de 40% até 60%","Mais de 60% até 80%",""
"1/8/2024 10:33:44","Feminino","Branca","36-40","RN","Professor-Pesquisador","Com frequência","Concordo mais do que discordo","Concordo totalmente","Concordo mais do que discordo","Discordo mais do que concordo","Concordo mais do que discordo","Discordo mais do que concordo","Discordo totalmente","Concordo mais do que discordo","Mais de 40% até 60%","Mais de 60% até 80%","Mais de 40% até 60%","Mais de 40% até 60%","Mais de 40% até 60%","Mais de 20% até 40%","Até 20%","Mais de 60% até 80%",""
"1/11/2024 16:10:29","Masculino","Branca","26-30","CE","Professor","Com frequência","Concordo mais do que discordo","Concordo mais do que discordo","Discordo mais do que concordo","Concordo mais do que discordo","Concordo mais do que discordo","Discordo mais do que concordo","Discordo mais do que concordo","Concordo mais do que discordo","Mais de 60% até 80%","Mais de 60% até 80%","Mais de 40% até 60%","Mais de 40% até 60%","Mais de 20% até 40%","Mais de 20% até 40%","Mais de 40% até 60%","Mais de 60% até 80%",""
"1/11/2024 16:41:08","Masculino","Branca","36-40","RS","Engenheiro Full Stack","Raramente","Discordo mais do que concordo","Concordo mais do que discordo","Concordo mais do que discordo","Discordo mais do que concordo","Concordo totalmente","Discordo mais do que concordo","Concordo mais do que discordo","Concordo mais do que discordo","Mais de 40% até 60%","Mais de 60% até 80%","Mais de 60% até 80%","Mais de 40% até 60%","Mais de 60% até 80%","Mais de 60% até 80%","Mais de 40% até 60%","Mais de 60% até 80%",""
"1/11/2024 17:21:59","Masculino","Parda","31-35","CE","Analista de Dados","Às vezes","Discordo totalmente","Concordo mais do que discordo","Discordo mais do que concordo","Discordo mais do que concordo","Discordo totalmente","Discordo mais do que concordo","Concordo totalmente","Concordo totalmente","Mais de 60% até 80%","Mais de 60% até 80%","Mais de 60% até 80%","Mais de 60% até 80%","Mais de 60% até 80%","Mais de 60% até 80%","Mais de 60% até 80%","Mais de 60% até 80%",""
"1/11/2024 18:47:40","Feminino","Preta","26-30","SP","Estudante de doutorado","Com frequência","Discordo mais do que concordo","Concordo totalmente","Concordo mais do que discordo","Concordo mais do que discordo","Concordo totalmente","Concordo mais do que discordo","Discordo totalmente","Concordo mais do que discordo","Mais de 60% até 80%","Mais de 60% até 80%","Mais de 20% até 40%","Mais de 60% até 80%","Mais de 80%","Mais de 40% até 60%","Até 20%","Mais de 40% até 60%",""
"1/11/2024 22:30:37","Masculino","Branca","18-25","MG","Estudante","Às vezes","Concordo mais do que discordo","Concordo mais do que discordo","Discordo mais do que concordo","Concordo mais do que discordo","Discordo mais do que concordo","Concordo mais do que discordo","Concordo mais do que discordo","Concordo totalmente","Mais de 60% até 80%","Mais de 40% até 60%","Mais de 40% até 60%","Mais de 40% até 60%","Mais de 40% até 60%","Mais de 40% até 60%","Mais de 60% até 80%","Mais de 80%",""
"1/12/2024 10:52:34","Feminino","Branca","18-25","SP","Pesquisadora/Estudante","Às vezes","Concordo mais do que discordo","Concordo mais do que discordo","Concordo mais do que discordo","Concordo mais do que discordo","Concordo mais do que discordo","Concordo mais do que discordo","Discordo mais do que concordo","Concordo mais do que discordo","Mais de 60% até 80%","Mais de 40% até 60%","Mais de 60% até 80%","Mais de 80%","Mais de 60% até 80%","Mais de 40% até 60%","Mais de 20% até 40%","Mais de 60% até 80%",""
"2/26/2024 19:43:54","Masculino","Branca","26-30","SP","Desenvolvedor de software","Com frequência","Concordo totalmente","Concordo mais do que discordo","Concordo mais do que discordo","Concordo totalmente","Concordo totalmente","Discordo mais do que concordo","Discordo totalmente","Concordo mais do que discordo","Mais de 40% até 60%","Mais de 40% até 60%","Mais de 40% até 60%","Mais de 40% até 60%","Mais de 40% até 60%","Mais de 40% até 60%","Mais de 40% até 60%","Mais de 40% até 60%",""
